Pillar,Main_Objective,Main_Objectives_text,Level_1,Level_2,Level_3,Level_4
Ecological,Productivity,Do not cause unacceptable reduction in productivity so that components can play their role in the functioning of the ecosystem,1. Pressures on ecosystem productivity are managed,a. Fishing pressures on ecosystem productivity are managed,"i. 	Fishing mortality is limited to levels necessary to promote sustainability 
",
Ecological,Productivity,Do not cause unacceptable reduction in productivity so that components can play their role in the functioning of the ecosystem,1. Pressures on ecosystem productivity are managed,a. Fishing pressures on ecosystem productivity are managed,"ii. 	Sufficient escapement from exploitation for spawning",#NAME?
Ecological,Productivity,Do not cause unacceptable reduction in productivity so that components can play their role in the functioning of the ecosystem,1. Pressures on ecosystem productivity are managed,b. Other pressures on ecosystem productivity are managed,"i. 	Fish mortality from works, undertakings, and activities other than fishing is avoided, mitigated and/or offset

",
Ecological,Productivity,Do not cause unacceptable reduction in productivity so that components can play their role in the functioning of the ecosystem,1. Pressures on ecosystem productivity are managed,b. Other pressures on ecosystem productivity are managed,"ii. 	Activities causing disturbance in areas or seasons of high importance (or critical) for species’ life-history functions are limited, such as in spawning areas, juvenile or nursery habitats",
Ecological,Productivity,Do not cause unacceptable reduction in productivity so that components can play their role in the functioning of the ecosystem,1. Pressures on ecosystem productivity are managed,b. Other pressures on ecosystem productivity are managed,"iii. 	Alteration of nutrient concentrations affecting primary production is controlled",
Ecological,Productivity,Do not cause unacceptable reduction in productivity so that components can play their role in the functioning of the ecosystem,1. Pressures on ecosystem productivity are managed,b. Other pressures on ecosystem productivity are managed,"iv. 	Ensure that aquaculture operators meet environmental protection standards, such as Adhere to Aquaculture Activities Regulations (AARs)",#NAME?
Ecological,Productivity,Do not cause unacceptable reduction in productivity so that components can play their role in the functioning of the ecosystem,1. Pressures on ecosystem productivity are managed,b. Other pressures on ecosystem productivity are managed,"iv. 	Ensure that aquaculture operators meet environmental protection standards, such as Adhere to Aquaculture Activities Regulations (AARs)", -  BOD (Biological oxygen demand) is managed within “X” standards
Ecological,Productivity,Do not cause unacceptable reduction in productivity so that components can play their role in the functioning of the ecosystem,2. Ecosystem structure and functioning is promoted and conserved,a. Ecosystem structure is promoted and conserved,"i. 	Impacts on the top of the food web are limited",#NAME?
Ecological,Productivity,Do not cause unacceptable reduction in productivity so that components can play their role in the functioning of the ecosystem,2. Ecosystem structure and functioning is promoted and conserved,a. Ecosystem structure is promoted and conserved,"ii. 	Impacts on forage species are limited",#NAME?
Ecological,Productivity,Do not cause unacceptable reduction in productivity so that components can play their role in the functioning of the ecosystem,2. Ecosystem structure and functioning is promoted and conserved,a. Ecosystem structure is promoted and conserved,"iii. 	Impacts on trophic guilds and trophic structure are limited",#NAME?
Ecological,Productivity,Do not cause unacceptable reduction in productivity so that components can play their role in the functioning of the ecosystem,2. Ecosystem structure and functioning is promoted and conserved,a. Ecosystem structure is promoted and conserved,"iii. 	Impacts on trophic guilds and trophic structure are limited",#NAME?
Ecological,Productivity,Do not cause unacceptable reduction in productivity so that components can play their role in the functioning of the ecosystem,2. Ecosystem structure and functioning is promoted and conserved,a. Ecosystem structure is promoted and conserved,"iv. 	Impacts on the size structure are limited",#NAME?
Ecological,Productivity,Do not cause unacceptable reduction in productivity so that components can play their role in the functioning of the ecosystem,2. Ecosystem structure and functioning is promoted and conserved,a. Ecosystem structure is promoted and conserved,"iv. 	Impacts on the size structure are limited",#NAME?
Ecological,Productivity,Do not cause unacceptable reduction in productivity so that components can play their role in the functioning of the ecosystem,2. Ecosystem structure and functioning is promoted and conserved,b. Ecosystem functioning is promoted and conserved,"i. 	Activities that could impact ecosystem functioning in areas of high aggregations or areas of high ecological importance are limited  ",#NAME?
Ecological,Productivity,Do not cause unacceptable reduction in productivity so that components can play their role in the functioning of the ecosystem,2. Ecosystem structure and functioning is promoted and conserved,b. Ecosystem functioning is promoted and conserved,"ii. 	Areas of importance for bioturbation are protected",
Ecological,Biodiversity,"Biodiversity is conserved, maintained, and restored to preserve the structure and natural resilience of aquatic ecosystems.",1. Population biodiversity is conserved and promoted or enhanced,a. Population structure is preserved,"i. 	Population component mortality is distributed in relation to component biomass

",
Ecological,Biodiversity,"Biodiversity is conserved, maintained, and restored to preserve the structure and natural resilience of aquatic ecosystems.",1. Population biodiversity is conserved and promoted or enhanced,a. Population structure is preserved,"ii. 	Genetic structure is represented within regional conservation areas",
Ecological,Biodiversity,"Biodiversity is conserved, maintained, and restored to preserve the structure and natural resilience of aquatic ecosystems.",1. Population biodiversity is conserved and promoted or enhanced,a. Population structure is preserved,"iii. 	Ecological and genetic harm associated with stock enhancement on wild populations is minimized",
Ecological,Biodiversity,"Biodiversity is conserved, maintained, and restored to preserve the structure and natural resilience of aquatic ecosystems.",1. Population biodiversity is conserved and promoted or enhanced,a. Population structure is preserved,"iv. 	Aquaculture escapees and their impact are minimized",
Ecological,Biodiversity,"Biodiversity is conserved, maintained, and restored to preserve the structure and natural resilience of aquatic ecosystems.",2. Species biodiversity is conserved and protected,a. Unintended or incidental mortality for all species is controlled,"i. 	Oceans and coastal area protection are increased (to 30% by 2030)


",
Ecological,Biodiversity,"Biodiversity is conserved, maintained, and restored to preserve the structure and natural resilience of aquatic ecosystems.",2. Species biodiversity is conserved and protected,a. Unintended or incidental mortality for all species is controlled,"ii. 	Freshwater area protection measures that contribute to international, national and provincial targets for freshwater conservation are increased",
Ecological,Biodiversity,"Biodiversity is conserved, maintained, and restored to preserve the structure and natural resilience of aquatic ecosystems.",2. Species biodiversity is conserved and protected,a. Unintended or incidental mortality for all species is controlled,"iii. 	Seasonal and other fisheries closures are maintained and enhanced",
Ecological,Biodiversity,"Biodiversity is conserved, maintained, and restored to preserve the structure and natural resilience of aquatic ecosystems.",2. Species biodiversity is conserved and protected,a. Unintended or incidental mortality for all species is controlled,"iv. 	By-catch in fishing gear is minimized",#NAME?
Ecological,Biodiversity,"Biodiversity is conserved, maintained, and restored to preserve the structure and natural resilience of aquatic ecosystems.",2. Species biodiversity is conserved and protected,b. Negative impacts of invasive species and non-indigenous species are minimised,"i. 	Respond to newly detected invasive and non-indigenous species
",
Ecological,Biodiversity,"Biodiversity is conserved, maintained, and restored to preserve the structure and natural resilience of aquatic ecosystems.",2. Species biodiversity is conserved and protected,b. Negative impacts of invasive species and non-indigenous species are minimised,"ii. 	Established populations of invasive species and non-indigenous species are managed and controlled",
Ecological,Biodiversity,"Biodiversity is conserved, maintained, and restored to preserve the structure and natural resilience of aquatic ecosystems.",2. Species biodiversity is conserved and protected,c. Introduction and proliferation of disease/pathogens is controlled,,
Ecological,Biodiversity,"Biodiversity is conserved, maintained, and restored to preserve the structure and natural resilience of aquatic ecosystems.",2. Species biodiversity is conserved and protected,d. Rebuilding plans for depleted species are developed,,
Ecological,Biodiversity,"Biodiversity is conserved, maintained, and restored to preserve the structure and natural resilience of aquatic ecosystems.",3. Functional biodiversity is conserved and promoted,"a. Sufficient representation of all functional biodiversity groups is maintained, such as biomass of planktivores, biomass pf piscivores, etc ",,
Ecological,Biodiversity,"Biodiversity is conserved, maintained, and restored to preserve the structure and natural resilience of aquatic ecosystems.",4. Ecosystem resilience is conserved and promoted,"a. Sufficient abundance of long-lived, larger species in aquatic ecosystems is conserved and
promoted",,
Ecological,Biodiversity,"Biodiversity is conserved, maintained, and restored to preserve the structure and natural resilience of aquatic ecosystems.",4. Ecosystem resilience is conserved and promoted,b. Genetic diversity and adaptive variation within the planning region is conserved and promoted. ,,
Ecological,Biodiversity,"Biodiversity is conserved, maintained, and restored to preserve the structure and natural resilience of aquatic ecosystems.",4. Ecosystem resilience is conserved and promoted,c. Climate refugia are protected,,
Ecological,Biodiversity,"Biodiversity is conserved, maintained, and restored to preserve the structure and natural resilience of aquatic ecosystems.",4. Ecosystem resilience is conserved and promoted,d. Natural areas are protected,,
Ecological,Biodiversity,"Biodiversity is conserved, maintained, and restored to preserve the structure and natural resilience of aquatic ecosystems.",5. Diversity of ecosystem and habitat types is conserved and promoted ,See C1. and C2. ,,
Ecological,Habitat ,Do not cause unacceptable modification to habitat in order to safeguard both physical and chemical properties of the ecosystem.,"1. Habitat required for all species, particularly priority species, is maintained and protected","a. Area of disturbed habitat is minimised
",,
Ecological,Habitat ,Do not cause unacceptable modification to habitat in order to safeguard both physical and chemical properties of the ecosystem.,"1. Habitat required for all species, particularly priority species, is maintained and protected",b. Disturbance of early life-history stage habitat is minimised,,
Ecological,Habitat ,Do not cause unacceptable modification to habitat in order to safeguard both physical and chemical properties of the ecosystem.,"1. Habitat required for all species, particularly priority species, is maintained and protected","c.	 Critical habitat for species at risk is protected from destruction ",,
Ecological,Habitat ,Do not cause unacceptable modification to habitat in order to safeguard both physical and chemical properties of the ecosystem.,"1. Habitat required for all species, particularly priority species, is maintained and protected",d. Important areas for connectivity are maintained such as:,"i. 	Corridors (e.g., areas of aggregate species movement)

",
Ecological,Habitat ,Do not cause unacceptable modification to habitat in order to safeguard both physical and chemical properties of the ecosystem.,"1. Habitat required for all species, particularly priority species, is maintained and protected",d. Important areas for connectivity are maintained such as:,"ii. 	Intermediate habitat between conservation areas (e.g., stepping stones closures)",
Ecological,Habitat ,Do not cause unacceptable modification to habitat in order to safeguard both physical and chemical properties of the ecosystem.,"1. Habitat required for all species, particularly priority species, is maintained and protected",d. Important areas for connectivity are maintained such as:,"iii. 	Linkages between spawning and settlement areas",
Ecological,Habitat ,Do not cause unacceptable modification to habitat in order to safeguard both physical and chemical properties of the ecosystem.,"1. Habitat required for all species, particularly priority species, is maintained and protected","e. Rare, unique and vulnerable habitats are protected
","i. Disturbance of the habitats is minimized, including :
","− Corals

"
Ecological,Habitat ,Do not cause unacceptable modification to habitat in order to safeguard both physical and chemical properties of the ecosystem.,"1. Habitat required for all species, particularly priority species, is maintained and protected","e. Rare, unique and vulnerable habitats are protected
","i. Disturbance of the habitats is minimized, including :
",− Sponges
Ecological,Habitat ,Do not cause unacceptable modification to habitat in order to safeguard both physical and chemical properties of the ecosystem.,"1. Habitat required for all species, particularly priority species, is maintained and protected","e. Rare, unique and vulnerable habitats are protected
","i. Disturbance of the habitats is minimized, including :
",− Sensitive benthic areas
Ecological,Habitat ,Do not cause unacceptable modification to habitat in order to safeguard both physical and chemical properties of the ecosystem.,"1. Habitat required for all species, particularly priority species, is maintained and protected","e. Rare, unique and vulnerable habitats are protected
","i. Disturbance of the habitats is minimized, including :
",#NAME?
Ecological,Habitat ,Do not cause unacceptable modification to habitat in order to safeguard both physical and chemical properties of the ecosystem.,"1. Habitat required for all species, particularly priority species, is maintained and protected",f. Introduction of Aquatic Invasive Species (AIS) is prevented,,
Ecological,Habitat ,Do not cause unacceptable modification to habitat in order to safeguard both physical and chemical properties of the ecosystem.,"1. Habitat required for all species, particularly priority species, is maintained and protected",g. Climate refugia are protected,,
Ecological,Habitat ,Do not cause unacceptable modification to habitat in order to safeguard both physical and chemical properties of the ecosystem.,"1. Habitat required for all species, particularly priority species, is maintained and protected",h. Biogenic habitats and/or carbon sinks are maintained or enhanced,"i. 	Biogenic habitats are protected and restored
",
Ecological,Habitat ,Do not cause unacceptable modification to habitat in order to safeguard both physical and chemical properties of the ecosystem.,"1. Habitat required for all species, particularly priority species, is maintained and protected",h. Biogenic habitats and/or carbon sinks are maintained or enhanced,"ii. 	Carbon sinks are protected and restored",
Ecological,Habitat ,Do not cause unacceptable modification to habitat in order to safeguard both physical and chemical properties of the ecosystem.,"1. Habitat required for all species, particularly priority species, is maintained and protected",i. Riparian zone management is enhanced,,
Ecological,Habitat ,Do not cause unacceptable modification to habitat in order to safeguard both physical and chemical properties of the ecosystem.,"1. Habitat required for all species, particularly priority species, is maintained and protected",j. Riparian buffers are protected,,
Ecological,Habitat ,Do not cause unacceptable modification to habitat in order to safeguard both physical and chemical properties of the ecosystem.,"1. Habitat required for all species, particularly priority species, is maintained and protected",k. Representative examples of habitat types are protected,"i. 	Full variety of coarse-filter habitat classifications (including coastline classifications, geomorphic units, and oceanographic units) are protected.
",
Ecological,Habitat ,Do not cause unacceptable modification to habitat in order to safeguard both physical and chemical properties of the ecosystem.,"1. Habitat required for all species, particularly priority species, is maintained and protected",k. Representative examples of habitat types are protected,"ii. 	 Representative protections are repeated at least twice per coarse-filter classification",
Ecological,Habitat ,Do not cause unacceptable modification to habitat in order to safeguard both physical and chemical properties of the ecosystem.,"2. Fish habitat that has been degraded is restored, including,",a. Fish passage,,
Ecological,Habitat ,Do not cause unacceptable modification to habitat in order to safeguard both physical and chemical properties of the ecosystem.,"2. Fish habitat that has been degraded is restored, including,",b. climate refugia,,
Ecological,Habitat ,Do not cause unacceptable modification to habitat in order to safeguard both physical and chemical properties of the ecosystem.,"2. Fish habitat that has been degraded is restored, including,",c. flows,,
Ecological,Habitat ,Do not cause unacceptable modification to habitat in order to safeguard both physical and chemical properties of the ecosystem.,"2. Fish habitat that has been degraded is restored, including,",d. riparian habitat,,
Ecological,Habitat ,Do not cause unacceptable modification to habitat in order to safeguard both physical and chemical properties of the ecosystem.,"2. Fish habitat that has been degraded is restored, including,",e. stream characteristics,,
Ecological,Habitat ,Do not cause unacceptable modification to habitat in order to safeguard both physical and chemical properties of the ecosystem.,"2. Fish habitat that has been degraded is restored, including,",f. eelgrass,,
Ecological,Habitat ,Do not cause unacceptable modification to habitat in order to safeguard both physical and chemical properties of the ecosystem.,"2. Fish habitat that has been degraded is restored, including,",g. saltmarsh,,
Ecological,Habitat ,Do not cause unacceptable modification to habitat in order to safeguard both physical and chemical properties of the ecosystem.,"2. Fish habitat that has been degraded is restored, including,",h. reef structure installation ,,
Ecological,Habitat ,Do not cause unacceptable modification to habitat in order to safeguard both physical and chemical properties of the ecosystem.,"2. Fish habitat that has been degraded is restored, including,",i. ghost gear removal,,
Ecological,Habitat ,Do not cause unacceptable modification to habitat in order to safeguard both physical and chemical properties of the ecosystem.,3. Pollution is prevented and reduced,"a. Vessel sewage, garbage and other debris are disposed of appropriately (as per Transport Canada policies, Canada Shipping Act","i. 	Efforts to remove debris and garbage from aquatic systems, such as the Marine Debris Stakeholder Action Committee in Southwest New Brunswick, are supported",
Ecological,Habitat ,Do not cause unacceptable modification to habitat in order to safeguard both physical and chemical properties of the ecosystem.,3. Pollution is prevented and reduced,b. Ghost fishing by lost fishing gear is reduced and lost fishing gear is recovered,,
Ecological,Habitat ,Do not cause unacceptable modification to habitat in order to safeguard both physical and chemical properties of the ecosystem.,3. Pollution is prevented and reduced,c. The introduction of toxic substances is prevented and reduced,,
Ecological,Habitat ,Do not cause unacceptable modification to habitat in order to safeguard both physical and chemical properties of the ecosystem.,3. Pollution is prevented and reduced,d. Anthropogenic sound levels in aquatic systems are controlled and minimised,"i. 	Negative impacts from anthropogenic sound levels on fish species and aquatic species at risk are avoided, mitigated or offset
",
Ecological,Habitat ,Do not cause unacceptable modification to habitat in order to safeguard both physical and chemical properties of the ecosystem.,3. Pollution is prevented and reduced,d. Anthropogenic sound levels in aquatic systems are controlled and minimised,"ii. 	Anthropogenic sound added to aquatic systems by current and proposed activities is avoided, mitigated or offset",
Ecological,Habitat ,Do not cause unacceptable modification to habitat in order to safeguard both physical and chemical properties of the ecosystem.,3. Pollution is prevented and reduced,e. Anthropogenic light levels in aquatic systems are controlled and minimised,"i. 	Negative impacts from anthropogenic light levels on aquatic environments, fish species and aquatic species at risk are avoided 
",
Ecological,Habitat ,Do not cause unacceptable modification to habitat in order to safeguard both physical and chemical properties of the ecosystem.,3. Pollution is prevented and reduced,e. Anthropogenic light levels in aquatic systems are controlled and minimised,"ii. 	Anthropogenic light added to aquatic systems by current and proposed activities is evaluated and assessed",
Economic ,Economic Efficiency ,"Aquatic activities and resources are governed and managed to
enhance economic output and benefit for all users",1. Economic outputs and benefits are enhance for all users where possible ,a. economic output ,,
Economic ,Economic Efficiency ,"Aquatic activities and resources are governed and managed to
enhance economic output and benefit for all users",1. Economic outputs and benefits are enhance for all users where possible ,b. economic growth ,,
Economic ,Economic Efficiency ,"Aquatic activities and resources are governed and managed to
enhance economic output and benefit for all users",1. Economic outputs and benefits are enhance for all users where possible ,"c. economic diversification 
",,
Economic ,Economic Efficiency ,"Aquatic activities and resources are governed and managed to
enhance economic output and benefit for all users",1. Economic outputs and benefits are enhance for all users where possible ,d. employment ,,
Economic ,Economic Efficiency ,"Aquatic activities and resources are governed and managed to
enhance economic output and benefit for all users",1. Economic outputs and benefits are enhance for all users where possible ,e. incomes ,,
Economic ,Economic Efficiency ,"Aquatic activities and resources are governed and managed to
enhance economic output and benefit for all users",1. Economic outputs and benefits are enhance for all users where possible ,f. prosperity and profit ,,
Economic ,Economic Efficiency ,"Aquatic activities and resources are governed and managed to
enhance economic output and benefit for all users",1. Economic outputs and benefits are enhance for all users where possible ,g. livelihoods ,,
Economic ,Economic Efficiency ,"Aquatic activities and resources are governed and managed to
enhance economic output and benefit for all users","2. Economic opportunities and benefits for communities, industries and other users are enhanced ",a. Economic opportunites and benefits for Indigenous communities are promoted ,"i.	Recognize and support Indigenous rights ",
Economic ,Economic Efficiency ,"Aquatic activities and resources are governed and managed to
enhance economic output and benefit for all users","2. Economic opportunities and benefits for communities, industries and other users are enhanced ",a. Economic opportunites and benefits for Indigenous communities are promoted ,"ii.	Recognize and support Indigenous-based “economic” viewpoints",
Economic ,Economic Efficiency ,"Aquatic activities and resources are governed and managed to
enhance economic output and benefit for all users","2. Economic opportunities and benefits for communities, industries and other users are enhanced ",b. Economic opportunties and benefits for communities are promoted ,,
Economic ,Economic Efficiency ,"Aquatic activities and resources are governed and managed to
enhance economic output and benefit for all users","2. Economic opportunities and benefits for communities, industries and other users are enhanced ",c. Economic opportunities and benefits for industry are promoted ,,
Economic ,Economic Efficiency ,"Aquatic activities and resources are governed and managed to
enhance economic output and benefit for all users","2. Economic opportunities and benefits for communities, industries and other users are enhanced ",d. Economic opportunites and benefits for recreational and other users and uses are considered ,,
Economic ,Economic Efficiency ,"Aquatic activities and resources are governed and managed to
enhance economic output and benefit for all users",3. Other types of values related to economic efficiency are included in decision making ,a. Indigenous values ,,
Economic ,Economic Efficiency ,"Aquatic activities and resources are governed and managed to
enhance economic output and benefit for all users",3. Other types of values related to economic efficiency are included in decision making ,"b. Bequest Value 
“refers to the willingness to pay for preserving the environment in a given state for the benefit of the next generation or future generations, thereby leaving them the option to make use of the ecosystem services according to their preferences”",,
Economic ,Economic Efficiency ,"Aquatic activities and resources are governed and managed to
enhance economic output and benefit for all users",3. Other types of values related to economic efficiency are included in decision making ,c. Existence value ,,
Economic ,Economic Efficiency ,"Aquatic activities and resources are governed and managed to
enhance economic output and benefit for all users",3. Other types of values related to economic efficiency are included in decision making ,d. Altrustic Value,,
Economic ,Economic Efficiency ,"Aquatic activities and resources are governed and managed to
enhance economic output and benefit for all users",3. Other types of values related to economic efficiency are included in decision making ,e. Cultural Value,,
Economic ,Economic Sustainability ,"Aquatic activities and resources are governed and managed
to foster long term, viable, prosperous and sustainable livelihoods for all users and uses",1. Sustainable economic prosperity for all users ,a. promote economic prosperity for all users ,"i.	Promote economic diversification 
",
Economic ,Economic Sustainability ,"Aquatic activities and resources are governed and managed
to foster long term, viable, prosperous and sustainable livelihoods for all users and uses",1. Sustainable economic prosperity for all users ,a. promote economic prosperity for all users ,"ii.	Ensure the maximum long-term value of the resource",
Economic ,Economic Sustainability ,"Aquatic activities and resources are governed and managed
to foster long term, viable, prosperous and sustainable livelihoods for all users and uses",1. Sustainable economic prosperity for all users ,b. Support income generation and intergenerational financial security ,,
Economic ,Economic Sustainability ,"Aquatic activities and resources are governed and managed
to foster long term, viable, prosperous and sustainable livelihoods for all users and uses",1. Sustainable economic prosperity for all users ,c. Regional economic benefits are fostered ,,
Economic ,Economic Sustainability ,"Aquatic activities and resources are governed and managed
to foster long term, viable, prosperous and sustainable livelihoods for all users and uses","2. Thriving, viable and sustainable communities, industries and other uses are achieved ",a. support income sustainability and viability for indigenous communities ,"i.	Recognize Indigenous-based “economic” viewpoints",
Economic ,Economic Sustainability ,"Aquatic activities and resources are governed and managed
to foster long term, viable, prosperous and sustainable livelihoods for all users and uses","2. Thriving, viable and sustainable communities, industries and other uses are achieved ",b. support economic sustainability and viability for regional and coastal communities ,,
Economic ,Economic Sustainability ,"Aquatic activities and resources are governed and managed
to foster long term, viable, prosperous and sustainable livelihoods for all users and uses","2. Thriving, viable and sustainable communities, industries and other uses are achieved ",c. support industrial economic sustainability and viability ,"i.	Support market development
",
Economic ,Economic Sustainability ,"Aquatic activities and resources are governed and managed
to foster long term, viable, prosperous and sustainable livelihoods for all users and uses","2. Thriving, viable and sustainable communities, industries and other uses are achieved ",c. support industrial economic sustainability and viability ,"ii.	Support the long-term independence of the commercial inshore fishery",
Economic ,Economic Sustainability ,"Aquatic activities and resources are governed and managed
to foster long term, viable, prosperous and sustainable livelihoods for all users and uses","2. Thriving, viable and sustainable communities, industries and other uses are achieved ",d. promote the sustainable growth of aquatic and non-aquatic related business and industries ,,
Economic ,Economic Sustainability ,"Aquatic activities and resources are governed and managed
to foster long term, viable, prosperous and sustainable livelihoods for all users and uses",3. Support sustainable livelihoods,a. support employment opportunities ,i. Support occupational pluralism,
Economic ,Economic Equity,"Aquatic activities and resources are governed and managed to
promote an equitable distribution of opportunities across all users and uses (or activities)",1. An equitable distribution of opportunities for access and benefits across all users and uses is achieved ,a. An equitable distribution of access is promoted ,"i.	 Access to resources
",
Economic ,Economic Equity,"Aquatic activities and resources are governed and managed to
promote an equitable distribution of opportunities across all users and uses (or activities)",1. An equitable distribution of opportunities for access and benefits across all users and uses is achieved ,a. An equitable distribution of access is promoted ,"ii.	 Access to markets",
Economic ,Economic Equity,"Aquatic activities and resources are governed and managed to
promote an equitable distribution of opportunities across all users and uses (or activities)",1. An equitable distribution of opportunities for access and benefits across all users and uses is achieved ,a. An equitable distribution of access is promoted ,"iii.	 Access to other uses",
Economic ,Economic Equity,"Aquatic activities and resources are governed and managed to
promote an equitable distribution of opportunities across all users and uses (or activities)",1. An equitable distribution of opportunities for access and benefits across all users and uses is achieved ,b. An equitable distribution of benefits is promoted ,"i.	 An equitable distribution of income is promoted
",
Economic ,Economic Equity,"Aquatic activities and resources are governed and managed to
promote an equitable distribution of opportunities across all users and uses (or activities)",1. An equitable distribution of opportunities for access and benefits across all users and uses is achieved ,b. An equitable distribution of benefits is promoted ,"ii.	 An equitable distribution of employment opportunities is promoted",
Economic ,Economic Equity,"Aquatic activities and resources are governed and managed to
promote an equitable distribution of opportunities across all users and uses (or activities)",1. An equitable distribution of opportunities for access and benefits across all users and uses is achieved ,b. An equitable distribution of benefits is promoted ,"iii.	 Equitable regional economic benefits are fostered",
Economic ,Economic Equity,"Aquatic activities and resources are governed and managed to
promote an equitable distribution of opportunities across all users and uses (or activities)",1. An equitable distribution of opportunities for access and benefits across all users and uses is achieved ,c. An equitable distrbution of use is achieved across all users ,"i.	 Promote a balanced distribution between and within commercial and non-commercial, use and non-use activities",
Economic ,Economic Equity,"Aquatic activities and resources are governed and managed to
promote an equitable distribution of opportunities across all users and uses (or activities)",1. An equitable distribution of opportunities for access and benefits across all users and uses is achieved ,d. an equitable distribution of costs for all users and uses is achieved ,,
Economic ,Economic Equity,"Aquatic activities and resources are governed and managed to
promote an equitable distribution of opportunities across all users and uses (or activities)",1. An equitable distribution of opportunities for access and benefits across all users and uses is achieved ,e. Foster a balanced distribution of opportunites across generations ,,
Economic ,Economic Equity,"Aquatic activities and resources are governed and managed to
promote an equitable distribution of opportunities across all users and uses (or activities)","2. An equitable distribution of opportunities across communities, industries and other users and uses is achieved ","a. An equitable distribution of opportunities for Indigenous communities is promoted 
","i.  The incorporate indigenous-based equity principals is supported


",
Economic ,Economic Equity,"Aquatic activities and resources are governed and managed to
promote an equitable distribution of opportunities across all users and uses (or activities)","2. An equitable distribution of opportunities across communities, industries and other users and uses is achieved ","a. An equitable distribution of opportunities for Indigenous communities is promoted 
",ii.  Rights based opportunities are supported,
Economic ,Economic Equity,"Aquatic activities and resources are governed and managed to
promote an equitable distribution of opportunities across all users and uses (or activities)","2. An equitable distribution of opportunities across communities, industries and other users and uses is achieved ","a. An equitable distribution of opportunities for Indigenous communities is promoted 
",iii.  FSC opportunities are supported,
Economic ,Economic Equity,"Aquatic activities and resources are governed and managed to
promote an equitable distribution of opportunities across all users and uses (or activities)","2. An equitable distribution of opportunities across communities, industries and other users and uses is achieved ","a. An equitable distribution of opportunities for Indigenous communities is promoted 
",iv.  Values of Indigenous local stewardship are promoted when access decisions are made,
Economic ,Economic Equity,"Aquatic activities and resources are governed and managed to
promote an equitable distribution of opportunities across all users and uses (or activities)","2. An equitable distribution of opportunities across communities, industries and other users and uses is achieved ",b. An equitable distribution of opportunities for regional/coastal communities is fostered ,,
Economic ,Economic Equity,"Aquatic activities and resources are governed and managed to
promote an equitable distribution of opportunities across all users and uses (or activities)","2. An equitable distribution of opportunities across communities, industries and other users and uses is achieved ",c. An equitable distribution of opportunities for industry is fostered ,,
Economic ,Economic Equity,"Aquatic activities and resources are governed and managed to
promote an equitable distribution of opportunities across all users and uses (or activities)","2. An equitable distribution of opportunities across communities, industries and other users and uses is achieved ",d. An equitable distribution of opportunities for other users and uses is fostered ,,
Social & Cultural,Sustainable communities ,Thriving communities are supported over the long term through the governance and management of aquatic activites ,1. Community sustainability is enhance for current and future generations to thrive ,a. Shared prosperity and self-sufficiency are promoted ,"i.	 Contribute to development of social capital to invest in the betterment of current and future generations",
Social & Cultural,Sustainable communities ,Thriving communities are supported over the long term through the governance and management of aquatic activites ,1. Community sustainability is enhance for current and future generations to thrive ,"b. Equitable access to services, resources and opportunites (e.g access to aquatic systems for recreation) is promoted ",,
Social & Cultural,Sustainable communities ,Thriving communities are supported over the long term through the governance and management of aquatic activites ,1. Community sustainability is enhance for current and future generations to thrive ,"c. Long term livability through sustaining healthy aquatic systems (e.g clean shores, clean air) is promoted",,
Social & Cultural,Sustainable communities ,Thriving communities are supported over the long term through the governance and management of aquatic activites ,1. Community sustainability is enhance for current and future generations to thrive ,"d. Connectedness and sense of place are promoted, including through stewardship of aquatic systems ",,
Social & Cultural,Sustainable communities ,Thriving communities are supported over the long term through the governance and management of aquatic activites ,2. Community resilience is supported,"a. desired demographic attributes of the community (e.g broad age range, population growth, literacy and education) are sustained or promoted ",,
Social & Cultural,Sustainable communities ,Thriving communities are supported over the long term through the governance and management of aquatic activites ,2. Community resilience is supported,b. Social networks and collaborative organizations and sustained or promoted ,,
Social & Cultural,Sustainable communities ,Thriving communities are supported over the long term through the governance and management of aquatic activites ,2. Community resilience is supported,"c. multiple activites, occupations and desirale alternative livelihoods are sustained or promoted ",,
Social & Cultural,Sustainable communities ,Thriving communities are supported over the long term through the governance and management of aquatic activites ,2. Community resilience is supported,"d. infrastructure such as harbours and wharfs, are devloped and maintained ",,
Social & Cultural,Sustainable communities ,Thriving communities are supported over the long term through the governance and management of aquatic activites ,3. Community-well-being is enhanced ,See Health and well-being - B2,,
Social & Cultural,Health and well-being,"The health and well-being of individuals, households and communities are fostered through the governance and management of aquatic activites ",1. Health and physical welfare are fostered ,a. links between aquatic system health and human health are recognised and considered ,,
Social & Cultural,Health and well-being,"The health and well-being of individuals, households and communities are fostered through the governance and management of aquatic activites ",1. Health and physical welfare are fostered ,b. Occupational health and safety is promoted ,"i.	  Aquatic resource management programs and policies with considerations for occupational health and safety are aligned

","─	 A culture of safety among fish harvesters is promoted
"
Social & Cultural,Health and well-being,"The health and well-being of individuals, households and communities are fostered through the governance and management of aquatic activites ",1. Health and physical welfare are fostered ,b. Occupational health and safety is promoted ,"i.	  Aquatic resource management programs and policies with considerations for occupational health and safety are aligned

","─	 Fishing facilities, equipment and fisheries activities are safe"
Social & Cultural,Health and well-being,"The health and well-being of individuals, households and communities are fostered through the governance and management of aquatic activites ",1. Health and physical welfare are fostered ,b. Occupational health and safety is promoted ,"ii.	  Decent employment and working conditions are supported",
Social & Cultural,Health and well-being,"The health and well-being of individuals, households and communities are fostered through the governance and management of aquatic activites ",1. Health and physical welfare are fostered ,b. Occupational health and safety is promoted ,"iii.	  Social and health services for Indigenous Peoples, stakeholders and communities are promoted and accessible  ",
Social & Cultural,Health and well-being,"The health and well-being of individuals, households and communities are fostered through the governance and management of aquatic activites ",1. Health and physical welfare are fostered ,c. Food security and food safety are promoted ,"i.	 Secure and equitable access to local seafood is maintained
",
Social & Cultural,Health and well-being,"The health and well-being of individuals, households and communities are fostered through the governance and management of aquatic activites ",1. Health and physical welfare are fostered ,c. Food security and food safety are promoted ,"ii.	 Nutritional value, quality, and safety of seafood are maintained",
Social & Cultural,Health and well-being,"The health and well-being of individuals, households and communities are fostered through the governance and management of aquatic activites ","2. The well-being of individuals, households and communities related to aquatic systems is fostered ",a. Material well-being fostered ,i.      Income equality is promoted,
Social & Cultural,Health and well-being,"The health and well-being of individuals, households and communities are fostered through the governance and management of aquatic activites ","2. The well-being of individuals, households and communities related to aquatic systems is fostered ",a. Material well-being fostered ,"ii.      Economic opportunities for youth and adults are fostered, including through",─         Access to gainful employment in aquatic industries 
Social & Cultural,Health and well-being,"The health and well-being of individuals, households and communities are fostered through the governance and management of aquatic activites ","2. The well-being of individuals, households and communities related to aquatic systems is fostered ",a. Material well-being fostered ,"ii.      Economic opportunities for youth and adults are fostered, including through",─         Opportunities to participate in training and learning
Social & Cultural,Health and well-being,"The health and well-being of individuals, households and communities are fostered through the governance and management of aquatic activites ","2. The well-being of individuals, households and communities related to aquatic systems is fostered ",a. Material well-being fostered ,"ii.      Economic opportunities for youth and adults are fostered, including through",─         Access to traditional livelihoods 
Social & Cultural,Health and well-being,"The health and well-being of individuals, households and communities are fostered through the governance and management of aquatic activites ","2. The well-being of individuals, households and communities related to aquatic systems is fostered ",a. Material well-being fostered ,"iii.	New economic opportunities are promoted",
Social & Cultural,Health and well-being,"The health and well-being of individuals, households and communities are fostered through the governance and management of aquatic activites ","2. The well-being of individuals, households and communities related to aquatic systems is fostered ",b. Subjective well-being is fostered ,"i.	 Good quality and satisfaction of life are achieved
",
Social & Cultural,Health and well-being,"The health and well-being of individuals, households and communities are fostered through the governance and management of aquatic activites ","2. The well-being of individuals, households and communities related to aquatic systems is fostered ",b. Subjective well-being is fostered ,"ii.	 Access to aquatic systems for enjoyment, health, and relationships is available and maintained",
Social & Cultural,Health and well-being,"The health and well-being of individuals, households and communities are fostered through the governance and management of aquatic activites ","2. The well-being of individuals, households and communities related to aquatic systems is fostered ",c. relational well-being is fostered ,"i.	 Desirable relationships, such as those with the environment and fellow community members, are maintained and pursued: ","─	 in the absence of violence, racism or other forms of discrimination
"
Social & Cultural,Health and well-being,"The health and well-being of individuals, households and communities are fostered through the governance and management of aquatic activites ","2. The well-being of individuals, households and communities related to aquatic systems is fostered ",c. relational well-being is fostered ,"i.	 Desirable relationships, such as those with the environment and fellow community members, are maintained and pursued: ","─	 within the context of ongoing conflict resolution"
Social & Cultural,Health and well-being,"The health and well-being of individuals, households and communities are fostered through the governance and management of aquatic activites ","2. The well-being of individuals, households and communities related to aquatic systems is fostered ",c. relational well-being is fostered ,"ii.	 A sense of membership, inclusivity and cohesion through social trust, reciprocal relationships, and civic engagement is fostered",
Social & Cultural,Ethical and Just activities,"Historic inequities and injustices are acknowledged, and all aquatic activites are undertaken in a respectful, ethical and just manner, including the consideration of reconciliation with Indigenous peoples and gender based Anaylsis (GBA) + ",1.Just and equitable aquatic activites are fostered ,a. recognitional equity is promoted ,"i.	 Human rights are recognized and respected


",
Social & Cultural,Ethical and Just activities,"Historic inequities and injustices are acknowledged, and all aquatic activites are undertaken in a respectful, ethical and just manner, including the consideration of reconciliation with Indigenous peoples and gender based Anaylsis (GBA) + ",1.Just and equitable aquatic activites are fostered ,a. recognitional equity is promoted ,"ii.	 Customary resource rights are recognized",
Social & Cultural,Ethical and Just activities,"Historic inequities and injustices are acknowledged, and all aquatic activites are undertaken in a respectful, ethical and just manner, including the consideration of reconciliation with Indigenous peoples and gender based Anaylsis (GBA) + ",1.Just and equitable aquatic activites are fostered ,a. recognitional equity is promoted ,"iii.	 The rights of Indigenous Peoples to self-determination are recognized - See Governance A. 1",
Social & Cultural,Ethical and Just activities,"Historic inequities and injustices are acknowledged, and all aquatic activites are undertaken in a respectful, ethical and just manner, including the consideration of reconciliation with Indigenous peoples and gender based Anaylsis (GBA) + ",1.Just and equitable aquatic activites are fostered ,a. recognitional equity is promoted ,"iv.	 Diverse identities, values, knowledge systems, and institutions are recognized",
Social & Cultural,Ethical and Just activities,"Historic inequities and injustices are acknowledged, and all aquatic activites are undertaken in a respectful, ethical and just manner, including the consideration of reconciliation with Indigenous peoples and gender based Anaylsis (GBA) + ",1.Just and equitable aquatic activites are fostered ,b. procedural equity is promoted,"i.	 Full and effective participation of all relevant parties in decision making is enabled



",
Social & Cultural,Ethical and Just activities,"Historic inequities and injustices are acknowledged, and all aquatic activites are undertaken in a respectful, ethical and just manner, including the consideration of reconciliation with Indigenous peoples and gender based Anaylsis (GBA) + ",1.Just and equitable aquatic activites are fostered ,b. procedural equity is promoted,"ii.	 Responsibilities of all relevant parties are clearly defined and agreed upon",
Social & Cultural,Ethical and Just activities,"Historic inequities and injustices are acknowledged, and all aquatic activites are undertaken in a respectful, ethical and just manner, including the consideration of reconciliation with Indigenous peoples and gender based Anaylsis (GBA) + ",1.Just and equitable aquatic activites are fostered ,b. procedural equity is promoted,"iii.	 Accountability for actions and inactions is fostered",
Social & Cultural,Ethical and Just activities,"Historic inequities and injustices are acknowledged, and all aquatic activites are undertaken in a respectful, ethical and just manner, including the consideration of reconciliation with Indigenous peoples and gender based Anaylsis (GBA) + ",1.Just and equitable aquatic activites are fostered ,b. procedural equity is promoted,"iv.	 Effective dispute-resolution processes are provided and accessible",
Social & Cultural,Ethical and Just activities,"Historic inequities and injustices are acknowledged, and all aquatic activites are undertaken in a respectful, ethical and just manner, including the consideration of reconciliation with Indigenous peoples and gender based Anaylsis (GBA) + ",1.Just and equitable aquatic activites are fostered ,b. procedural equity is promoted,"v.	 Management transparency is fostered",
Social & Cultural,Ethical and Just activities,"Historic inequities and injustices are acknowledged, and all aquatic activites are undertaken in a respectful, ethical and just manner, including the consideration of reconciliation with Indigenous peoples and gender based Anaylsis (GBA) + ",1.Just and equitable aquatic activites are fostered ,c. Distributional equity is promoted ,"i.	 All relevant parties have equitable access to and benefit from aquatic activities

",
Social & Cultural,Ethical and Just activities,"Historic inequities and injustices are acknowledged, and all aquatic activites are undertaken in a respectful, ethical and just manner, including the consideration of reconciliation with Indigenous peoples and gender based Anaylsis (GBA) + ",1.Just and equitable aquatic activites are fostered ,c. Distributional equity is promoted ,"ii.	 Benefits to the current generation do not compromise benefits to future generations",
Social & Cultural,Ethical and Just activities,"Historic inequities and injustices are acknowledged, and all aquatic activites are undertaken in a respectful, ethical and just manner, including the consideration of reconciliation with Indigenous peoples and gender based Anaylsis (GBA) + ",1.Just and equitable aquatic activites are fostered ,c. Distributional equity is promoted ,"iii.	 Negative impacts for Indigenous Peoples and local communities are avoided and minimized ",
Social & Cultural,Ethical and Just activities,"Historic inequities and injustices are acknowledged, and all aquatic activites are undertaken in a respectful, ethical and just manner, including the consideration of reconciliation with Indigenous peoples and gender based Anaylsis (GBA) + ",2. Ethical treatment of aquatic species is promoted ,a. ethical treatment of animals is promoted ,,
Social & Cultural,Ethical and Just activities,"Historic inequities and injustices are acknowledged, and all aquatic activites are undertaken in a respectful, ethical and just manner, including the consideration of reconciliation with Indigenous peoples and gender based Anaylsis (GBA) + ",2. Ethical treatment of aquatic species is promoted ,b. negative impacts of human activites on aquatic life are minimized - see Ecological Pillar,,
Social & Cultural,Culture,"Significant, diverse, historical and living aspects of hertiage and culture, related to aquatic systems are recognised and considered in governance and management ",1. Histoy and hertiage are recognized and respected ,"a. intangible cultural assets, such as worldviews, knowledge, identites, and relationships produced through time are considered ",,
Social & Cultural,Culture,"Significant, diverse, historical and living aspects of hertiage and culture, related to aquatic systems are recognised and considered in governance and management ",1. Histoy and hertiage are recognized and respected ,"b. tangible historical cultural assets, such as artifcats, buildings, places, events, objects, language and art, are considered ",,
Social & Cultural,Culture,"Significant, diverse, historical and living aspects of hertiage and culture, related to aquatic systems are recognised and considered in governance and management ",2. Culture is recognized and respected as alive and dynamic,a. tangible and intangible cultural assets are considered ,,
Social & Cultural,Culture,"Significant, diverse, historical and living aspects of hertiage and culture, related to aquatic systems are recognised and considered in governance and management ",2. Culture is recognized and respected as alive and dynamic,"b. cultural activites, such as fishing and marine plant harvesting are considered ",,
Social & Cultural,Culture,"Significant, diverse, historical and living aspects of hertiage and culture, related to aquatic systems are recognised and considered in governance and management ",2. Culture is recognized and respected as alive and dynamic,"c. cultural relationships, including human-nature interactions,  worldviews, ways of life and stewardship, are considered ",,
Social & Cultural,Culture,"Significant, diverse, historical and living aspects of hertiage and culture, related to aquatic systems are recognised and considered in governance and management ",3. Indigenous peoples' right to practice and revitalize their cultural traditions and customs is recognized and respected through the following ,a. Languages and dialects ,,
Social & Cultural,Culture,"Significant, diverse, historical and living aspects of hertiage and culture, related to aquatic systems are recognised and considered in governance and management ",3. Indigenous peoples' right to practice and revitalize their cultural traditions and customs is recognized and respected through the following ,"b. food, social and ceremonial (FSC) fisheries ",,
Social & Cultural,Culture,"Significant, diverse, historical and living aspects of hertiage and culture, related to aquatic systems are recognised and considered in governance and management ",3. Indigenous peoples' right to practice and revitalize their cultural traditions and customs is recognized and respected through the following ,"c. spirtuality and values associated with interconnections with flora and fauna, such as culturally signficant species and sacred land ",,
Social & Cultural,Culture,"Significant, diverse, historical and living aspects of hertiage and culture, related to aquatic systems are recognised and considered in governance and management ",3. Indigenous peoples' right to practice and revitalize their cultural traditions and customs is recognized and respected through the following ,"d. Ceremonies and rituals, such as powwows and smudging ",,
Social & Cultural,Culture,"Significant, diverse, historical and living aspects of hertiage and culture, related to aquatic systems are recognised and considered in governance and management ",3. Indigenous peoples' right to practice and revitalize their cultural traditions and customs is recognized and respected through the following ,e. Traditional medicines and indigenous health practices ,,
Social & Cultural,Culture,"Significant, diverse, historical and living aspects of hertiage and culture, related to aquatic systems are recognised and considered in governance and management ",3. Indigenous peoples' right to practice and revitalize their cultural traditions and customs is recognized and respected through the following ,f. fundamental treaty education ,,
Governance,Legal Obligations and other commitments,"Legal obligations and other
commitments related to aquatic systems, including to Indigenous Peoples, are recognised and
implemented in governance and management",1. Legal obligations and commitments to Indigenous peoples are recognised and implemented ,"a. Implementation of the DFO-CCG Reconciliation Strategy and the DFO Regional Reconciliation Action Plan, in a manner consistent with, among others, Section 35 of the Constitution Act, 1982, the United Nations Declaration on the Rights of Indigenous Peoples (UNDRIP, 2007), the UNDRIP Act (UNDA, 2021, and the Federal Principles Respecting the Government of Canada’s Relationship with Indigenous Peoples, is supported","i.	 Implementation of Indigenous and treaty rights (Aboriginal treaty rights) related to fisheries, oceans and other aquatic systems is supported
",
Governance,Legal Obligations and other commitments,"Legal obligations and other
commitments related to aquatic systems, including to Indigenous Peoples, are recognised and
implemented in governance and management",1. Legal obligations and commitments to Indigenous peoples are recognised and implemented ,"a. Implementation of the DFO-CCG Reconciliation Strategy and the DFO Regional Reconciliation Action Plan, in a manner consistent with, among others, Section 35 of the Constitution Act, 1982, the United Nations Declaration on the Rights of Indigenous Peoples (UNDRIP, 2007), the UNDRIP Act (UNDA, 2021, and the Federal Principles Respecting the Government of Canada’s Relationship with Indigenous Peoples, is supported","ii.	 The three long-term objectives of the DFO-CCG Reconciliation Strategy are actively pursued:
","─	 Strengthened Indigenous-Crown Relationship

"
Governance,Legal Obligations and other commitments,"Legal obligations and other
commitments related to aquatic systems, including to Indigenous Peoples, are recognised and
implemented in governance and management",1. Legal obligations and commitments to Indigenous peoples are recognised and implemented ,"a. Implementation of the DFO-CCG Reconciliation Strategy and the DFO Regional Reconciliation Action Plan, in a manner consistent with, among others, Section 35 of the Constitution Act, 1982, the United Nations Declaration on the Rights of Indigenous Peoples (UNDRIP, 2007), the UNDRIP Act (UNDA, 2021, and the Federal Principles Respecting the Government of Canada’s Relationship with Indigenous Peoples, is supported","ii.	 The three long-term objectives of the DFO-CCG Reconciliation Strategy are actively pursued:
","─	 Recognized Self-Determination"
Governance,Legal Obligations and other commitments,"Legal obligations and other
commitments related to aquatic systems, including to Indigenous Peoples, are recognised and
implemented in governance and management",1. Legal obligations and commitments to Indigenous peoples are recognised and implemented ,"a. Implementation of the DFO-CCG Reconciliation Strategy and the DFO Regional Reconciliation Action Plan, in a manner consistent with, among others, Section 35 of the Constitution Act, 1982, the United Nations Declaration on the Rights of Indigenous Peoples (UNDRIP, 2007), the UNDRIP Act (UNDA, 2021, and the Federal Principles Respecting the Government of Canada’s Relationship with Indigenous Peoples, is supported","ii.	 The three long-term objectives of the DFO-CCG Reconciliation Strategy are actively pursued:
","─	 Reduced Socio-Economic Gaps"
Governance,Legal Obligations and other commitments,"Legal obligations and other
commitments related to aquatic systems, including to Indigenous Peoples, are recognised and
implemented in governance and management",1. Legal obligations and commitments to Indigenous peoples are recognised and implemented ,"a. Implementation of the DFO-CCG Reconciliation Strategy and the DFO Regional Reconciliation Action Plan, in a manner consistent with, among others, Section 35 of the Constitution Act, 1982, the United Nations Declaration on the Rights of Indigenous Peoples (UNDRIP, 2007), the UNDRIP Act (UNDA, 2021, and the Federal Principles Respecting the Government of Canada’s Relationship with Indigenous Peoples, is supported","iii.	 The five action areas in the DFO-CCG Reconciliation Strategy are supported:
","─	 Enhance internal capacity to deliver on reconciliation



"
Governance,Legal Obligations and other commitments,"Legal obligations and other
commitments related to aquatic systems, including to Indigenous Peoples, are recognised and
implemented in governance and management",1. Legal obligations and commitments to Indigenous peoples are recognised and implemented ,"a. Implementation of the DFO-CCG Reconciliation Strategy and the DFO Regional Reconciliation Action Plan, in a manner consistent with, among others, Section 35 of the Constitution Act, 1982, the United Nations Declaration on the Rights of Indigenous Peoples (UNDRIP, 2007), the UNDRIP Act (UNDA, 2021, and the Federal Principles Respecting the Government of Canada’s Relationship with Indigenous Peoples, is supported","iii.	 The five action areas in the DFO-CCG Reconciliation Strategy are supported:
","─	 Transform laws and policies"
Governance,Legal Obligations and other commitments,"Legal obligations and other
commitments related to aquatic systems, including to Indigenous Peoples, are recognised and
implemented in governance and management",1. Legal obligations and commitments to Indigenous peoples are recognised and implemented ,"a. Implementation of the DFO-CCG Reconciliation Strategy and the DFO Regional Reconciliation Action Plan, in a manner consistent with, among others, Section 35 of the Constitution Act, 1982, the United Nations Declaration on the Rights of Indigenous Peoples (UNDRIP, 2007), the UNDRIP Act (UNDA, 2021, and the Federal Principles Respecting the Government of Canada’s Relationship with Indigenous Peoples, is supported","iii.	 The five action areas in the DFO-CCG Reconciliation Strategy are supported:
","─	 Negotiate treaties and non-treaty agreements"
Governance,Legal Obligations and other commitments,"Legal obligations and other
commitments related to aquatic systems, including to Indigenous Peoples, are recognised and
implemented in governance and management",1. Legal obligations and commitments to Indigenous peoples are recognised and implemented ,"a. Implementation of the DFO-CCG Reconciliation Strategy and the DFO Regional Reconciliation Action Plan, in a manner consistent with, among others, Section 35 of the Constitution Act, 1982, the United Nations Declaration on the Rights of Indigenous Peoples (UNDRIP, 2007), the UNDRIP Act (UNDA, 2021, and the Federal Principles Respecting the Government of Canada’s Relationship with Indigenous Peoples, is supported","iii.	 The five action areas in the DFO-CCG Reconciliation Strategy are supported:
","─	 Build decision-making and collaborative management processes"
Governance,Legal Obligations and other commitments,"Legal obligations and other
commitments related to aquatic systems, including to Indigenous Peoples, are recognised and
implemented in governance and management",1. Legal obligations and commitments to Indigenous peoples are recognised and implemented ,"a. Implementation of the DFO-CCG Reconciliation Strategy and the DFO Regional Reconciliation Action Plan, in a manner consistent with, among others, Section 35 of the Constitution Act, 1982, the United Nations Declaration on the Rights of Indigenous Peoples (UNDRIP, 2007), the UNDRIP Act (UNDA, 2021, and the Federal Principles Respecting the Government of Canada’s Relationship with Indigenous Peoples, is supported","iii.	 The five action areas in the DFO-CCG Reconciliation Strategy are supported:
","─	 Enhance economic opportunities and capacity"
Governance,Legal Obligations and other commitments,"Legal obligations and other
commitments related to aquatic systems, including to Indigenous Peoples, are recognised and
implemented in governance and management",1. Legal obligations and commitments to Indigenous peoples are recognised and implemented ,"a. Implementation of the DFO-CCG Reconciliation Strategy and the DFO Regional Reconciliation Action Plan, in a manner consistent with, among others, Section 35 of the Constitution Act, 1982, the United Nations Declaration on the Rights of Indigenous Peoples (UNDRIP, 2007), the UNDRIP Act (UNDA, 2021, and the Federal Principles Respecting the Government of Canada’s Relationship with Indigenous Peoples, is supported","iv.	 Canada aims to secure free, prior and informed consent (FPIC) when Canada proposes to take actions which impact Indigenous Peoples and their rights, including their lands, territories and resources.",
Governance,Legal Obligations and other commitments,"Legal obligations and other
commitments related to aquatic systems, including to Indigenous Peoples, are recognised and
implemented in governance and management",1. Legal obligations and commitments to Indigenous peoples are recognised and implemented ,"b.	The prioritization of fishery access, including Food, Social and Ceremonial fisheries and the Treaty right to fish in pursuit of a moderate livelihood, is supported – Also see Social and Cultural Pillar D. Culture","i.	 Food, Social and Ceremonial fisheries are prioritized     
",
Governance,Legal Obligations and other commitments,"Legal obligations and other
commitments related to aquatic systems, including to Indigenous Peoples, are recognised and
implemented in governance and management",1. Legal obligations and commitments to Indigenous peoples are recognised and implemented ,,"ii.	 The Treaty right to fish in pursuit of a moderate livelihood is upheld and implemented ",
Governance,Legal Obligations and other commitments,"Legal obligations and other
commitments related to aquatic systems, including to Indigenous Peoples, are recognised and
implemented in governance and management",2. National legal obligations and commitments related to aquatic systems are recognisd and implemented ,"a. All relevant legislation and regulations in decision-making are adhered to, including (but not
limited to):
","i. Relevant provisions of the Oceans Act
",
Governance,Legal Obligations and other commitments,"Legal obligations and other
commitments related to aquatic systems, including to Indigenous Peoples, are recognised and
implemented in governance and management",2. National legal obligations and commitments related to aquatic systems are recognisd and implemented ,,ii. Relevant provisions of the Fisheries Act,
Governance,Legal Obligations and other commitments,"Legal obligations and other
commitments related to aquatic systems, including to Indigenous Peoples, are recognised and
implemented in governance and management",2. National legal obligations and commitments related to aquatic systems are recognisd and implemented ,,iii. Relevant provisions of the Species at Risk Act,
Governance,Legal Obligations and other commitments,"Legal obligations and other
commitments related to aquatic systems, including to Indigenous Peoples, are recognised and
implemented in governance and management",2. National legal obligations and commitments related to aquatic systems are recognisd and implemented ,"b. All relevant policies specific to DFO’s mandate in decision-making are implemented, including
(but not limited to):
","i. The Sustainable Fisheries Framework



",
Governance,Legal Obligations and other commitments,"Legal obligations and other
commitments related to aquatic systems, including to Indigenous Peoples, are recognised and
implemented in governance and management",2. National legal obligations and commitments related to aquatic systems are recognisd and implemented ,,"ii. Species at Risk policies,",
Governance,Legal Obligations and other commitments,"Legal obligations and other
commitments related to aquatic systems, including to Indigenous Peoples, are recognised and
implemented in governance and management",2. National legal obligations and commitments related to aquatic systems are recognisd and implemented ,,iii. Habitat protection policies,
Governance,Legal Obligations and other commitments,"Legal obligations and other
commitments related to aquatic systems, including to Indigenous Peoples, are recognised and
implemented in governance and management",2. National legal obligations and commitments related to aquatic systems are recognisd and implemented ,,"iv. Licensing policies, such as fleet separation",
Governance,Legal Obligations and other commitments,"Legal obligations and other
commitments related to aquatic systems, including to Indigenous Peoples, are recognised and
implemented in governance and management",2. National legal obligations and commitments related to aquatic systems are recognisd and implemented ,,v. The principle of adjacency,
Governance,Legal Obligations and other commitments,"Legal obligations and other
commitments related to aquatic systems, including to Indigenous Peoples, are recognised and
implemented in governance and management",2. National legal obligations and commitments related to aquatic systems are recognisd and implemented ,"c. A precautionary approach is used to manage fisheries and other activities
","i. Risk and uncertainty are accounted for
",
Governance,Legal Obligations and other commitments,"Legal obligations and other
commitments related to aquatic systems, including to Indigenous Peoples, are recognised and
implemented in governance and management",2. National legal obligations and commitments related to aquatic systems are recognisd and implemented ,,ii. Limit reference points are established where possible,
Governance,Legal Obligations and other commitments,"Legal obligations and other
commitments related to aquatic systems, including to Indigenous Peoples, are recognised and
implemented in governance and management",2. National legal obligations and commitments related to aquatic systems are recognisd and implemented ,d. Relevant aspects of the Federal Sustainable Development Strategy are included where appropriate. ,,
Governance,Legal Obligations and other commitments,"Legal obligations and other
commitments related to aquatic systems, including to Indigenous Peoples, are recognised and
implemented in governance and management",3. International legal obligations and commitments related to aquatic systems are recognised and implemented ,"a. Relevant international agreements and obligations are implemented
",,
Governance,Legal Obligations and other commitments,"Legal obligations and other
commitments related to aquatic systems, including to Indigenous Peoples, are recognised and
implemented in governance and management",4. Effective action on climate change is taken ,"a. Climate change trends and projected impacts inform decisions related to the following
management areas:
","i. Fisheries

",
Governance,Legal Obligations and other commitments,"Legal obligations and other
commitments related to aquatic systems, including to Indigenous Peoples, are recognised and
implemented in governance and management",4. Effective action on climate change is taken ,"a. Climate change trends and projected impacts inform decisions related to the following
management areas:
",ii. Oceans and coastal infrastructure management,
Governance,Legal Obligations and other commitments,"Legal obligations and other
commitments related to aquatic systems, including to Indigenous Peoples, are recognised and
implemented in governance and management",4. Effective action on climate change is taken ,"a. Climate change trends and projected impacts inform decisions related to the following
management areas:
",iii. Species conservation,
Governance,Legal Obligations and other commitments,"Legal obligations and other
commitments related to aquatic systems, including to Indigenous Peoples, are recognised and
implemented in governance and management",4. Effective action on climate change is taken ,"a. Climate change trends and projected impacts inform decisions related to the following
management areas:
",iv. Marine safety,
Governance,Legal Obligations and other commitments,"Legal obligations and other
commitments related to aquatic systems, including to Indigenous Peoples, are recognised and
implemented in governance and management",4. Effective action on climate change is taken ,"b. Adaptation and mitigation planning are considered and supported, including (but not limited to:
","i. Emissions are reduced in Government, industrial, commercial and recreational
sectors

",
Governance,Legal Obligations and other commitments,"Legal obligations and other
commitments related to aquatic systems, including to Indigenous Peoples, are recognised and
implemented in governance and management",4. Effective action on climate change is taken ,"b. Adaptation and mitigation planning are considered and supported, including (but not limited to:
",ii. Sequestration of carbon is increased,
Governance,Legal Obligations and other commitments,"Legal obligations and other
commitments related to aquatic systems, including to Indigenous Peoples, are recognised and
implemented in governance and management",4. Effective action on climate change is taken ,"b. Adaptation and mitigation planning are considered and supported, including (but not limited to:
","iii. Adaptation strategies, that increase resilience to the impacts of climate change, are supported",
Governance,Governance Structures and Processes ,"Appropriate governance structures are in
place to enable effective decision making related to aquatic systems",1. Procedural equity ,a. Full and meaningful participation of all relevant parties in decision-making is enabled,,
Governance,Governance Structures and Processes ,"Appropriate governance structures are in
place to enable effective decision making related to aquatic systems",1. Procedural equity ,"b. Roles and responsibilities of all relevant parties are clearly defined and agreed upon
","i. Roles and responsibilities of parties in decision making are defined
",
Governance,Governance Structures and Processes ,"Appropriate governance structures are in
place to enable effective decision making related to aquatic systems",1. Procedural equity ,,ii. Decision making process(es) are clearly defined for all,
Governance,Governance Structures and Processes ,"Appropriate governance structures are in
place to enable effective decision making related to aquatic systems",1. Procedural equity ,c. Accountability for actions and inactions is fostered for all relevant parties,,
Governance,Governance Structures and Processes ,"Appropriate governance structures are in
place to enable effective decision making related to aquatic systems",1. Procedural equity ,"d. Adhere to principle of transparency in decision making

","i. All relevant parties are provided with access to the rationale used in decision making, subject to Federal Legislation and/or DFO policy
","─ A record of decision making is kept and the rationale for decisions should be
made publicly available, where possible
"
Governance,Governance Structures and Processes ,"Appropriate governance structures are in
place to enable effective decision making related to aquatic systems",1. Procedural equity ,"d. Adhere to principle of transparency in decision making

","i. All relevant parties are provided with access to the rationale used in decision making, subject to Federal Legislation and/or DFO policy
","─ Ensure that there is an effective free flow of information (i.e., available and accessible) to all relevant parties as well as the general public, where possible"
Governance,Governance Structures and Processes ,"Appropriate governance structures are in
place to enable effective decision making related to aquatic systems",1. Procedural equity ,e. Potential impacts on intergenerational equity are considered,,
Governance,Governance Structures and Processes ,"Appropriate governance structures are in
place to enable effective decision making related to aquatic systems","2. Appropriate collaborative and inclusive governance structures are in place and inform a consistent approach to DFO decision making and integrated management. Governance structures
would include:","a.	Nation-to-nation, government-to-government relationships with Indigenous Peoples based on the recognition of rights, respect, co-operation, and partnership","i.	Uphold the Duty to Consult and the Duty to Accommodate
",
Governance,Governance Structures and Processes ,"Appropriate governance structures are in
place to enable effective decision making related to aquatic systems","2. Appropriate collaborative and inclusive governance structures are in place and inform a consistent approach to DFO decision making and integrated management. Governance structures
would include:","a.	Nation-to-nation, government-to-government relationships with Indigenous Peoples based on the recognition of rights, respect, co-operation, and partnership","ii.	Build, heal and strengthen meaningful relationships with Indigenous Peoples
","─	Time and culturally safe and appropriate spaces for developing meaningful relationships with Indigenous Peoples are enabled and supported"
Governance,Governance Structures and Processes ,"Appropriate governance structures are in
place to enable effective decision making related to aquatic systems","2. Appropriate collaborative and inclusive governance structures are in place and inform a consistent approach to DFO decision making and integrated management. Governance structures
would include:","a.	Nation-to-nation, government-to-government relationships with Indigenous Peoples based on the recognition of rights, respect, co-operation, and partnership","iii.	Opportunities and structures that facilitate co-learning and the sharing of diverse perspectives, knowledges and expertise are available and accessible",
Governance,Governance Structures and Processes ,"Appropriate governance structures are in
place to enable effective decision making related to aquatic systems","2. Appropriate collaborative and inclusive governance structures are in place and inform a consistent approach to DFO decision making and integrated management. Governance structures
would include:","b. Internal, amongst DFO Maritimes Region Branches/Sectors/Divisions;
","i. Synergies with other sector policies and objectives are considered, where relevant
",
Governance,Governance Structures and Processes ,"Appropriate governance structures are in
place to enable effective decision making related to aquatic systems","2. Appropriate collaborative and inclusive governance structures are in place and inform a consistent approach to DFO decision making and integrated management. Governance structures
would include:","b. Internal, amongst DFO Maritimes Region Branches/Sectors/Divisions;
","ii. Cross-sector working groups, committees etc. are established where required",
Governance,Governance Structures and Processes ,"Appropriate governance structures are in
place to enable effective decision making related to aquatic systems","2. Appropriate collaborative and inclusive governance structures are in place and inform a consistent approach to DFO decision making and integrated management. Governance structures
would include:","c. Inter-regional, with other DFO/CCG Regions and/or with National Headquarters;
","i. Structures that enable Integrated management of multiple activities are created and supported

",
Governance,Governance Structures and Processes ,"Appropriate governance structures are in
place to enable effective decision making related to aquatic systems","2. Appropriate collaborative and inclusive governance structures are in place and inform a consistent approach to DFO decision making and integrated management. Governance structures
would include:","c. Inter-regional, with other DFO/CCG Regions and/or with National Headquarters;
",ii. Time and space for interagency collaboration in work planning is enabled and supported,
Governance,Governance Structures and Processes ,"Appropriate governance structures are in
place to enable effective decision making related to aquatic systems","2. Appropriate collaborative and inclusive governance structures are in place and inform a consistent approach to DFO decision making and integrated management. Governance structures
would include:","c. Inter-regional, with other DFO/CCG Regions and/or with National Headquarters;
",iii. Vertical and horizontal governance integration are improved,
Governance,Governance Structures and Processes ,"Appropriate governance structures are in
place to enable effective decision making related to aquatic systems","2. Appropriate collaborative and inclusive governance structures are in place and inform a consistent approach to DFO decision making and integrated management. Governance structures
would include:","d. Interdepartmental, through a federal whole of government approach;
","i. Opportunities and structures that facilitate the sharing of diverse knowledges and
expertise are available and accessible
",
Governance,Governance Structures and Processes ,"Appropriate governance structures are in
place to enable effective decision making related to aquatic systems","2. Appropriate collaborative and inclusive governance structures are in place and inform a consistent approach to DFO decision making and integrated management. Governance structures
would include:","d. Interdepartmental, through a federal whole of government approach;
","ii. Synergies with other Department policies and objectives are considered, where
relevant",
Governance,Governance Structures and Processes ,"Appropriate governance structures are in
place to enable effective decision making related to aquatic systems","2. Appropriate collaborative and inclusive governance structures are in place and inform a consistent approach to DFO decision making and integrated management. Governance structures
would include:","d. Interdepartmental, through a federal whole of government approach;
","iii. Cross-Department working groups, committees etc. are established where required",
Governance,Governance Structures and Processes ,"Appropriate governance structures are in
place to enable effective decision making related to aquatic systems","2. Appropriate collaborative and inclusive governance structures are in place and inform a consistent approach to DFO decision making and integrated management. Governance structures
would include:","e. Intergovernmental, with provinces and Indigenous organizations, and can include:
","i. Co-development of policies, programs and plans with all relevant parties
",
Governance,Governance Structures and Processes ,"Appropriate governance structures are in
place to enable effective decision making related to aquatic systems","2. Appropriate collaborative and inclusive governance structures are in place and inform a consistent approach to DFO decision making and integrated management. Governance structures
would include:","e. Intergovernmental, with provinces and Indigenous organizations, and can include:
","ii. Establishment of structures such as MOUs and collaborative agreements to support
management where appropriate",
Governance,Governance Structures and Processes ,"Appropriate governance structures are in
place to enable effective decision making related to aquatic systems","2. Appropriate collaborative and inclusive governance structures are in place and inform a consistent approach to DFO decision making and integrated management. Governance structures
would include:","f. External, with other relevant implicated partners and stakeholders
","i. Collaborative relationships are developed and maintained
",
Governance,Governance Structures and Processes ,"Appropriate governance structures are in
place to enable effective decision making related to aquatic systems","2. Appropriate collaborative and inclusive governance structures are in place and inform a consistent approach to DFO decision making and integrated management. Governance structures
would include:","f. External, with other relevant implicated partners and stakeholders
","ii. The identification and engagement of relevant external partners is led by robust
methods (e.g., stakeholder and rightsholder analysis).and/or by trained professionals
(e.g., social scientists, facilitators, etc.)",
Governance,Governance Structures and Processes ,"Appropriate governance structures are in
place to enable effective decision making related to aquatic systems",3. Appropriate structures or mechanisms to address conflicts are in place ,a. Culturally relevant mechanisms for conflict resolution are available and accessible,,
Governance,Governance Structures and Processes ,"Appropriate governance structures are in
place to enable effective decision making related to aquatic systems",3. Appropriate structures or mechanisms to address conflicts are in place ,b. Conflicts are addressed in a timely manner.,,
Governance,Governance Structures and Processes ,"Appropriate governance structures are in
place to enable effective decision making related to aquatic systems",3. Appropriate structures or mechanisms to address conflicts are in place ,"c.	Indigenous rights are upheld and prioritized",,
Governance,Governance Structures and Processes ,"Appropriate governance structures are in
place to enable effective decision making related to aquatic systems",4. Multiple types of knowledge and information and sources are considered and included ,"a. Best available knowledge and information, including social and natural sciences, Indigenous knowledges and other ways of knowing, are used for advice and to enable evidence-informed decision making, including (but not limited to):
","i. Indigenous Knowledges
ces",
Governance,Governance Structures and Processes ,"Appropriate governance structures are in
place to enable effective decision making related to aquatic systems",4. Multiple types of knowledge and information and sources are considered and included ,"a. Best available knowledge and information, including social and natural sciences, Indigenous knowledges and other ways of knowing, are used for advice and to enable evidence-informed decision making, including (but not limited to):
","ii. Fisher Knowledge
",
Governance,Governance Structures and Processes ,"Appropriate governance structures are in
place to enable effective decision making related to aquatic systems",4. Multiple types of knowledge and information and sources are considered and included ,"a. Best available knowledge and information, including social and natural sciences, Indigenous knowledges and other ways of knowing, are used for advice and to enable evidence-informed decision making, including (but not limited to):
","iii. Social Science and Humanities
",
Governance,Governance Structures and Processes ,"Appropriate governance structures are in
place to enable effective decision making related to aquatic systems",4. Multiple types of knowledge and information and sources are considered and included ,"a. Best available knowledge and information, including social and natural sciences, Indigenous knowledges and other ways of knowing, are used for advice and to enable evidence-informed decision making, including (but not limited to):
",iv. Natural and environmental sciences,
Governance,Governance Structures and Processes ,"Appropriate governance structures are in
place to enable effective decision making related to aquatic systems",4. Multiple types of knowledge and information and sources are considered and included ,b. All relevant knowledge and information are considered and used in a manner that respects data sovereignty and/or intellectual property,,
Governance,Governance Structures and Processes ,"Appropriate governance structures are in
place to enable effective decision making related to aquatic systems",4. Multiple types of knowledge and information and sources are considered and included ,c. Decision making processes are adaptive to changing knowledge and information,,
Governance,Governance Structures and Processes ,"Appropriate governance structures are in
place to enable effective decision making related to aquatic systems","5. Sufficient funding/resource base, to facilitate capacity building and meaningful participation in
appropriate governance structures, is available and accessible","a. Resource needs for effective and appropriate contributions to governance structures and processes are recognised and supported, including:
","i. Necessary skills and expertise
",
Governance,Governance Structures and Processes ,"Appropriate governance structures are in
place to enable effective decision making related to aquatic systems","5. Sufficient funding/resource base, to facilitate capacity building and meaningful participation in
appropriate governance structures, is available and accessible","a. Resource needs for effective and appropriate contributions to governance structures and processes are recognised and supported, including:
","ii. Sufficient funding 
",
Governance,Governance Structures and Processes ,"Appropriate governance structures are in
place to enable effective decision making related to aquatic systems","5. Sufficient funding/resource base, to facilitate capacity building and meaningful participation in
appropriate governance structures, is available and accessible","a. Resource needs for effective and appropriate contributions to governance structures and processes are recognised and supported, including:
","iii. Sufficient equipment
",
Governance,Governance Structures and Processes ,"Appropriate governance structures are in
place to enable effective decision making related to aquatic systems","5. Sufficient funding/resource base, to facilitate capacity building and meaningful participation in
appropriate governance structures, is available and accessible","a. Resource needs for effective and appropriate contributions to governance structures and processes are recognised and supported, including:
",iv. Sufficient space,
Governance,Governance Structures and Processes ,"Appropriate governance structures are in
place to enable effective decision making related to aquatic systems","5. Sufficient funding/resource base, to facilitate capacity building and meaningful participation in
appropriate governance structures, is available and accessible","a. Resource needs for effective and appropriate contributions to governance structures and processes are recognised and supported, including:
",v. Sufficient administrative staff,
Governance,Governance Structures and Processes ,"Appropriate governance structures are in
place to enable effective decision making related to aquatic systems","5. Sufficient funding/resource base, to facilitate capacity building and meaningful participation in
appropriate governance structures, is available and accessible","b. Internal capacity to deliver on effective governance is enhanced
","i. Training provided where required
","─	Increase understanding of the historical, political and legal context of Indigenous Peoples 
"
Governance,Governance Structures and Processes ,"Appropriate governance structures are in
place to enable effective decision making related to aquatic systems","5. Sufficient funding/resource base, to facilitate capacity building and meaningful participation in
appropriate governance structures, is available and accessible","b. Internal capacity to deliver on effective governance is enhanced
","i. Training provided where required
","─	Increase cultural competency and capacity"
Governance,Governance Structures and Processes ,"Appropriate governance structures are in
place to enable effective decision making related to aquatic systems","5. Sufficient funding/resource base, to facilitate capacity building and meaningful participation in
appropriate governance structures, is available and accessible","b. Internal capacity to deliver on effective governance is enhanced
",ii. New skills sets are hired,
Governance,Governance Outcomes ,"Key governance principles guide evidence informed decisions
and result in the effective and sustainable management of aquatic ecosystems","1. Decisions are equitable, fair and just ",a. Values and interests of all relevant parties are accounted for in decisions,,
Governance,Governance Outcomes ,"Key governance principles guide evidence informed decisions
and result in the effective and sustainable management of aquatic ecosystems","1. Decisions are equitable, fair and just ","b.	Indigenous values, knowledge systems and governing principles are woven into decision making",,
Governance,Governance Outcomes ,"Key governance principles guide evidence informed decisions
and result in the effective and sustainable management of aquatic ecosystems","1. Decisions are equitable, fair and just ",c. Decisions are unbiased,,
Governance,Governance Outcomes ,"Key governance principles guide evidence informed decisions
and result in the effective and sustainable management of aquatic ecosystems",2. Decisions are consistent and transparent ,- See B. 1 d.,,
Governance,Governance Outcomes ,"Key governance principles guide evidence informed decisions
and result in the effective and sustainable management of aquatic ecosystems",3. Decisions are evidence-based,a. Decision used best available knowledge and information,,
Governance,Governance Outcomes ,"Key governance principles guide evidence informed decisions
and result in the effective and sustainable management of aquatic ecosystems","4.	Decisions uphold the Crown’s fiduciary responsibilities to Indigenous Peoples",,,
Governance,Governance Outcomes ,"Key governance principles guide evidence informed decisions
and result in the effective and sustainable management of aquatic ecosystems",5. Decisions serve the public interest ,a. Potential impacts on intergenerational equity are considered,,
